{
  "version": 2,
  "builds": [
    {
      "src": "index.js",
      "use": "@vercel/node"
    }
  ],
  "rewrites": [
    {
      "source": "/(.*)",
      "destination": "/index.js"
    }
  ],
  "headers": [
    {
      "source": "/api/(.*)",
      "headers": [
        {
          "key": "Access-Control-Allow-Origin",
          "value": "*"
        },
        {
          "key": "Access-Control-Allow-Methods",
          "value": "GET, POST, PUT, DELETE, OPTIONS"
        },
        {
          "key": "Access-Control-Allow-Headers",
          "value": "Content-Type, Authorization"
        },
        {
          "key": "Cache-Control",
          "value": "s-maxage=300, stale-while-revalidate"
        }
      ]
    }
  ]
}
